{"cameraMode":{"drawMode":0,"name":"Shaded","section":"Shading Mode"},"sceneLighting":true,"audioPlay":false,"sceneViewState":{"showFog":true,"showMaterialUpdate":true,"showSkybox":true,"showFlares":true,"showImageEffects":true,"showParticleSystems":true},"in2DMode":false,"pivot":{"x":29.361894607543947,"y":4.370495319366455,"z":30.195613861083986},"rotation":{"x":-0.06535764783620835,"y":0.9390637874603272,"z":-0.23988255858421327,"w":-0.23967574536800385},"size":1.759260892868042,"orthographic":false}